"First Name","Last Name"
"Antoine","Winfield Jr."
"Quinnen","Williams"
"Fred","Warner"
"Dorian","Thompson-Robinson"
"Andrew","Thomas"
"Adam","Thielen"
"Lawrence","Taylor"
"D'Andre","Swift"
"Dwight","Stephenson"
"Timothy Brandon","Stephens"
"Richard","Sherman"
"Brandon","Scherff"
"Ben","Roethlisberger Sr."
"Aaron","Rodgers"
"Ed","Reed"
"Dak","Prescott"
"Adrian","Peterson"
"Cordarrelle","Patterson"
"Cameron","Newton"
"DK","Metcalf"
"Anthony","McFarland Jr."
"Christian","McCaffrey"
"Baker","Mayfield"
"Tyrann","Mathieu"
"Peyton","Manning"
"Patrick","Mahomes"
"Marshawn","Lynch"
"Bob","Lurtsema"
"Christopher","Lindstrom"
"Ray","Lewis"
"Cooper","Kupp"
"Calvin","Johnson"
"Juwan","Johnson"
"Justin","Jefferson"
"Derwin","James Jr."
"DeAndre","Hopkins"
"Tyreek","Hill"
"Cameron","Heyward"
"Derrick","Henry Jr."
"Alfredo","Guti√©rrez"
"Blake","Freeland"
"Dante","Fowler Jr."
"Daurice","Fountain"
"Darrick","Forrest Jr."
"D'Onta","Foreman"
"Bryce","Ford-Wheaton"
"Andrew","Forbes"
"Dallis","Flowers"
"Cordale","Flott"
"Phillip","Fleck"
"Demetrius","Flannigan-Fowles"
"Minkah","Fitzpatrick Jr."
"Desmond Emil ""Dez""","Fitzpatrick"
"Larry","Fitzgerald Jr."
"Justin","Fields"
"Demetric","Felton, Jr."
"Breiden","Fehoko"
"Brandon","Facyson"
"Aaron","Donald"
"Stefon","Diggs"
"Jamaal","Charles"
"De'Vondre","Campbell"
"Mario","Butler"
"Joe","Burrow"
"DeForest","Buckner"
"Arthur Juan ""A.J.""","Brown Sr."
"Tom","Brady"
"Christian","Benford"
"Odell","Beckham Jr."
"Arik","Armstead"
"Abdullah","Anderson Jr."
"Josh","Allen"
"DeAundre ""Dee""","Alford"
"Adetomiwa","Adebawore"
"Davante","Adams"
"Tyshun","""Deebo"" Samuel"
